wos_name,matched_name,match_score,review_flag,openalex_id,issn_l,asserted_issn_l,is_oa,is_in_doaj,apc_usd,works_total,open_share,open_share_with_bronze,n_diamond,n_gold,n_green,n_hybrid,n_bronze,n_closed
AGGRESSION AND VIOLENT BEHAVIOR,Aggression and Violent Behavior,1.0,OK,https://openalex.org/S80014870,1359-1789,,False,False,3880,1070,0.2579,0.3056,0,2,130,144,51,743
AMERICAN JOURNAL OF CRIMINAL JUSTICE,American Journal of Criminal Justice,1.0,OK,https://openalex.org/S120133624,1066-2316,,False,False,3090,654,0.1957,0.2982,0,0,25,103,67,459
ASIAN JOURNAL OF CRIMINOLOGY,Asian Journal of Criminology,1.0,OK,https://openalex.org/S27502815,1871-0131,,False,False,3190,307,0.1759,0.2378,0,0,15,39,19,234
AUSTRALIAN AND NEW ZEALAND JOURNAL OF CRIMINOLOGY,Australian & New Zealand Journal of Criminology,1.0,OK,https://openalex.org/S179701344,0004-8658,,False,False,3650,229,0.2052,0.262,0,1,43,3,13,169
BRITISH JOURNAL OF CRIMINOLOGY,The British Journal of Criminology,1.0,OK,https://openalex.org/S27273401,0007-0955,,False,False,5341,1227,0.4311,0.4914,0,1,147,381,74,624
CANADIAN JOURNAL OF CRIMINOLOGY AND CRIMINAL JUSTICE,Canadian Journal of Criminology,1.0,OK,https://openalex.org/S4210227121,0704-9722,,False,False,,0,,,0,0,0,0,0,0
CRIME & DELINQUENCY,Crime & Delinquency,1.0,OK,https://openalex.org/S75692751,0011-1287,,False,False,3650,1220,0.2,0.259,0,0,81,163,72,904
"CRIME AND JUSTICE: A REVIEW OF RESEARCH, VOL 20",Crime and Justice,1.0,OK,https://openalex.org/S191292005,0192-3234,,False,False,,151,0.2252,0.3113,0,0,20,14,13,104
CRIME LAW AND SOCIAL CHANGE,Crime Law and Social Change,1.0,OK,https://openalex.org/S170408770,0378-1100,,False,False,3490,742,0.3302,0.3949,0,0,57,188,48,449
CRIMINAL JUSTICE AND BEHAVIOR,Criminal Justice and Behavior,1.0,OK,https://openalex.org/S74425203,0093-8548,,False,False,3650,1084,0.2417,0.3044,0,0,110,152,68,754
CRIMINOLOGY,Criminology,1.0,OK,https://openalex.org/S67613863,0011-1384,0011-1384,False,False,3570,609,0.2791,0.3383,0,0,31,139,36,403
CRIMINOLOGY & PUBLIC POLICY,Criminology & Public Policy,1.0,OK,https://openalex.org/S2764941010,1538-6473,,False,False,3350,669,0.2108,0.2825,0,1,22,118,48,480
CRITICAL CRIMINOLOGY,Critical Criminology,1.0,OK,https://openalex.org/S4671545,0847-2971,,False,False,3390,639,0.3365,0.4601,0,1,43,171,79,345
DEVIANT BEHAVIOR,Deviant Behavior,1.0,OK,https://openalex.org/S113184965,0163-9625,,False,False,,1524,0.2297,0.2467,0,4,163,183,26,1148
EUROPEAN JOURNAL ON CRIMINAL POLICY AND RESEARCH,European Journal on Criminal Policy and Research,1.0,OK,https://openalex.org/S146174905,0928-1371,,False,False,2190,421,0.5273,0.5938,0,1,23,198,28,171
GLOBAL CRIME,Global Crime,1.0,OK,https://openalex.org/S189157259,1744-0572,,False,False,,231,0.342,0.3723,0,1,30,48,7,145
HOMICIDE STUDIES,Homicide Studies,1.0,OK,https://openalex.org/S144311452,1088-7679,,False,False,3650,246,0.2358,0.2886,0,0,20,38,13,175
INTERNATIONAL CRIMINAL JUSTICE REVIEW,International Criminal Justice Review,1.0,OK,https://openalex.org/S117214891,1057-5677,,False,False,3400,519,0.1696,0.2177,0,1,36,51,25,406
INTERNATIONAL JOURNAL FOR CRIME JUSTICE AND SOCIAL DEMOCRACY,International Journal for Crime Justice and Social Democracy,1.0,OK,https://openalex.org/S2738560774,2202-7998,,True,True,,619,1.0,1.0,614,0,5,0,0,0
INTERNATIONAL JOURNAL OF COMPARATIVE AND APPLIED CRIMINAL JUSTICE,International Journal of Comparative and Applied Criminal Justice,1.0,OK,https://openalex.org/S2764600129,0192-4036,,False,False,,287,0.2439,0.2892,0,0,24,46,13,204
INTERNATIONAL JOURNAL OF OFFENDER THERAPY AND COMPARATIVE CRIMINOLOGY,International Journal of Offender Therapy and Comparative Criminology,1.0,OK,https://openalex.org/S140831787,0020-7497,,False,False,3650,1261,0.2768,0.3259,0,1,165,183,62,850
JOURNAL OF AGGRESSION MALTREATMENT & TRAUMA,Journal of Aggression Maltreatment & Trauma,1.0,OK,https://openalex.org/S11935491,1092-6771,,False,False,,1013,0.1945,0.2034,0,1,126,70,9,807
JOURNAL OF CRIMINAL JUSTICE,Journal of Criminal Justice,1.0,OK,https://openalex.org/S140176541,0047-2352,,False,False,3930,1151,0.305,0.3406,0,0,107,244,41,759
JOURNAL OF CRIMINAL JUSTICE EDUCATION,Journal of Criminal Justice Education,1.0,OK,https://openalex.org/S10689036,1051-1253,1051-1253,False,False,,604,0.1192,0.1391,0,0,21,51,12,520
JOURNAL OF CRIMINAL LAW & CRIMINOLOGY,The Journal of Criminal Law and Criminology (1973-),1.0,OK,https://openalex.org/S66810094,0091-4169,,False,False,,26,0.0,0.0,0,0,0,0,0,26
JOURNAL OF DEVELOPMENTAL AND LIFE-COURSE CRIMINOLOGY,Journal of Developmental and Life-Course Criminology,1.0,OK,https://openalex.org/S4210177552,2199-4641,,False,False,3390,319,0.3699,0.5455,0,0,31,87,56,145
JOURNAL OF ETHNICITY IN CRIMINAL JUSTICE,Journal of Ethnicity in Criminal Justice,1.0,OK,https://openalex.org/S79077708,1537-7938,,False,False,,200,0.07,0.085,0,0,11,3,3,183
JOURNAL OF EXPERIMENTAL CRIMINOLOGY,Journal of Experimental Criminology,1.0,OK,https://openalex.org/S19400458,1572-8315,,False,False,3090,555,0.4198,0.4703,0,1,38,194,28,294
JOURNAL OF FORENSIC PSYCHIATRY & PSYCHOLOGY,Journal of Forensic Psychiatry and Psychology,1.0,OK,https://openalex.org/S64079723,1478-9949,,False,False,,614,0.3225,0.3388,0,2,91,105,10,406
JOURNAL OF INTERPERSONAL VIOLENCE,Journal of Interpersonal Violence,1.0,OK,https://openalex.org/S45333638,0886-2605,,False,False,3900,4891,0.2877,0.3408,0,3,796,608,260,3224
JOURNAL OF INVESTIGATIVE PSYCHOLOGY AND OFFENDER PROFILING,Journal of Investigative Psychology and Offender Profiling,1.0,OK,https://openalex.org/S177334458,1544-4759,,False,False,2900,276,0.308,0.4674,0,0,30,55,44,147
JOURNAL OF QUANTITATIVE CRIMINOLOGY,Journal of Quantitative Criminology,1.0,OK,https://openalex.org/S25809236,0748-4518,,False,False,4090,440,0.4091,0.4682,0,0,39,141,26,234
JOURNAL OF RESEARCH IN CRIME AND DELINQUENCY,Journal of Research in Crime and Delinquency,1.0,OK,https://openalex.org/S173027916,0022-4278,,False,False,3650,282,0.2305,0.2837,0,0,39,26,15,202
JUSTICE QUARTERLY,Justice Quarterly,1.0,OK,https://openalex.org/S149422333,0741-8825,0741-8825,False,False,,574,0.2213,0.2753,0,0,65,62,31,416
LEGAL AND CRIMINOLOGICAL PSYCHOLOGY,Legal and Criminological Psychology,1.0,OK,https://openalex.org/S93656081,1355-3259,,False,False,3700,335,0.4776,0.5612,0,0,33,127,28,147
POLICE PRACTICE AND RESEARCH,Police Practice and Research,1.0,OK,https://openalex.org/S19210902,1477-271X,,False,False,,691,0.2417,0.3213,0,0,80,87,55,469
POLICE QUARTERLY,Police Quarterly,1.0,OK,https://openalex.org/S167107504,1098-6111,,False,False,3650,247,0.2348,0.2996,0,0,24,34,16,173
POLICING-AN INTERNATIONAL JOURNAL OF POLICE STRATEGIES & MANAGEMENT,Policing An International Journal,1.0,OK,https://openalex.org/S4210169472,1363-951X,,False,False,,808,0.1609,0.1733,0,1,96,33,10,668
PRISON JOURNAL,The Prison Journal,1.0,OK,https://openalex.org/S40678964,0032-8855,,False,False,3650,428,0.1238,0.2033,0,0,35,18,34,341
PSYCHIATRY PSYCHOLOGY AND LAW,Psychiatry Psychology and Law,1.0,OK,https://openalex.org/S94954469,1321-8719,,False,False,,827,0.8126,0.8404,0,1,493,178,23,132
PSYCHOLOGY CRIME & LAW,Psychology Crime and Law,1.0,OK,https://openalex.org/S46260470,1068-316X,,False,False,,824,0.3859,0.4053,0,0,133,185,16,490
PSYCHOLOGY OF VIOLENCE,Psychology of Violence,1.0,OK,https://openalex.org/S101245202,2152-081X,,False,False,,916,0.3515,0.3646,0,3,97,222,12,582
PUNISHMENT & SOCIETY-INTERNATIONAL JOURNAL OF PENOLOGY,,,NOT_FOUND,,,,,,,,,,,,,,,
SECURITY JOURNAL,Security Journal,1.0,OK,https://openalex.org/S74209221,0955-1662,,False,False,3090,556,0.2464,0.3255,0,0,48,89,44,375
SEXUAL ABUSE-A JOURNAL OF RESEARCH AND TREATMENT,,,NOT_FOUND,,,,,,,,,,,,,,,
THEORETICAL CRIMINOLOGY,Theoretical Criminology,1.0,OK,https://openalex.org/S9300723,1362-4806,,False,False,3650,588,0.2823,0.3554,0,0,65,101,43,379
TRAUMA VIOLENCE & ABUSE,Trauma Violence & Abuse,1.0,OK,https://openalex.org/S170515770,1524-8380,1524-8380,False,False,3900,1353,0.4516,0.5092,0,0,170,441,78,664
TRENDS IN ORGANIZED CRIME,Trends in Organized Crime,1.0,OK,https://openalex.org/S118096098,1084-4791,,False,False,3290,378,0.4709,0.537,0,0,31,147,25,175
VICTIMS & OFFENDERS,Victims & Offenders,1.0,OK,https://openalex.org/S4210188152,1556-4886,,False,False,,769,0.2458,0.2926,0,0,85,104,36,544
VIOLENCE AND VICTIMS,Violence and Victims,1.0,OK,https://openalex.org/S91771295,0886-6708,,False,False,,695,0.1165,0.1554,0,1,80,0,27,587
WOMEN & CRIMINAL JUSTICE,Women & Criminal Justice,1.0,OK,https://openalex.org/S94948478,0897-4454,,False,False,,371,0.1752,0.2156,0,1,30,34,15,291
YOUTH JUSTICE-AN INTERNATIONAL JOURNAL,Youth Justice,1.0,OK,https://openalex.org/S1028765246,1473-2254,,False,False,3650,406,0.266,0.33,0,0,36,72,26,272
YOUTH VIOLENCE AND JUVENILE JUSTICE,Youth Violence and Juvenile Justice,1.0,OK,https://openalex.org/S116565926,1541-2040,,False,False,3900,205,0.122,0.1902,0,0,12,13,14,166
